Country,Obesity Rate,Male Obesity Rate,Female Obesity Rate,Median Income 2020,Mean Income 2020,GDP per Capita 2020
Tonga,70.5,61.3,79.1,2782,3677,NA
Nauru,70.2,69.4,71,NA,NA,14327
Tuvalu,63.9,57.1,22.9,2099,2802,NA
Samoa,61.2,50,72.6,2537,3418,7837
Bahamas,47.6,39.1,55.1,NA,NA,41198
Marshall Islands,47.3,38.4,56.4,NA,NA,8198
Saint Kitts and Nevis,46.6,37.4,55,NA,NA,35545
Kiribati,46.2,35.8,55.5,1489,1858,3702
Micronesia,45.6,37,54.1,1413,1858,4346
Kuwait,45.4,41.6,51.7,NA,NA,51636
Qatar,43.8,41.7,50.6,NA,NA,126110
Egypt,43,30.1,56,1485,1847,19094
United States,42.9,41.9,43.8,19306,25332,85810
Belize,41.9,32.3,51.5,1927,3246,15093
Saudi Arabia,41.1,38.9,44.5,NA,NA,71243
Chile,39.5,33.9,45,6293,9304,34637
Georgia,38.9,35.1,42.2,2273,2814,28418
Romania,38.2,40.1,36.5,5206,5949,48712
Barbados,38.2,27.1,48.2,NA,NA,22672
Iraq,37.4,29.3,45.1,1951,2293,14464
Bahrain,37.2,33.8,43.7,NA,NA,67211
Hungary,36.4,38.5,34.5,7684,8613,47636
Libya,36.2,26.9,45.5,NA,NA,13954
Mexico,36.1,31.5,40.3,3315,4929,25688
Panama,36.1,29,43,6254,9453,41405
Argentina,36,34.8,37.2,5319,6935,30176
Croatia,35.7,36.7,34.6,7196,8008,48575
Jordan,35.6,31.4,40.2,3185,4025,10821
Uruguay,34.7,31.2,37.8,7533,9888,36418
Malta,34.6,36.8,32.2,14543,16509,67364
Turkey,34.3,25.6,42.7,5251,7267,43932
New Zealand,34.2,33.1,35.4,NA,NA,55094
Jamaica,34.2,19,48.8,2899,4429,11662
Antigua and Barbuda,34.1,24.2,42.8,NA,NA,33602
Bermuda,34,24.4,42.7,NA,NA,119719
Saint Lucia,33.9,20.7,46.7,4519,6946,27567
Fiji,33.8,25.8,41.8,2460,3261,16032
Greece,33.7,33.1,34.2,6936,8131,44074
Palestine,32.8,26.2,39.2,3275,3964,NA
Nicaragua,32.4,27.1,37.4,2697,3913,8709
Brunei,32.4,30.6,34.3,NA,NA,90007
Paraguay,32.1,29.1,35,4334,6373,18524
Costa Rica,32,25.1,38.7,5457,8440,30063
Australia,31.8,32.7,31,17076,21329,71193
United Arab Emirates,31.5,29.2,37.8,24292,27107,77959
Dominica,31.5,18,44.7,NA,NA,21301
Poland,31.4,33.8,29.2,8885,10155,50378
Czechia,31.3,34.4,28.3,10046,11394,56806
Syria,31.2,24.2,38,1996,2606,NA
Lebanon,31.1,28.9,33,7712,9091,NA
Lithuania,31.1,29.9,32.2,8267,10479,54414
Ireland,30.8,32.4,29.3,14520,17938,131175
North Macedonia,30.6,30.4,30.9,3857,4279,26587
Grenada,30.5,18.7,42.1,NA,NA,20167
Slovakia,30.3,33.1,27.6,7991,8408,47181
Seychelles,30.3,20.7,41.1,5314,8044,33239
Oman,30.2,25.6,38.7,NA,NA,41664
South Africa,30,12.8,45.7,1624,4081,15457
El Salvador,29.9,22,36.6,3095,3989,13264
Latvia,29.8,27.8,31.6,7971,9727,43867
Ukraine,29.2,23.3,33.9,4434,5010,18550
Trinidad and Tobago,29.2,23.1,34.9,2868,3711,36021
Dominican Republic,29.1,23.1,35.1,4060,5873,27541
Suriname,29,19.2,38.5,1659,2593,22067
Brazil,28.8,24.8,32.5,4559,7654,22333
United Kingdom,28.7,28.2,29.2,14793,18133,60620
Uzbekistan,28.5,25.4,31.6,591,752,11879
Honduras,28.5,22.3,34.8,1959,3109,7486
Tunisia,28.3,19.9,36.1,3366,4076,14451
Russia,28,25.5,30.2,5504,7275,47405
Guyana,28,17.4,37.8,2003,2729,79906
Armenia,27.9,20,33.7,2216,2810,22823
Bolivia,27.8,22.4,33.1,3631,4787,11190
Azerbaijan,27.5,19.5,34.9,1393,3851,25089
Canada,27.3,28.7,25.9,18652,22042,65463
Eswatini,27.3,13.1,41,1097,2091,11784
Peru,27.2,22.9,31.3,3678,4977,17802
Portugal,27.1,25,28.8,8439,10316,50617
Ecuador,27,21.9,31.9,3525,5046,15840
Estonia,26.7,25.2,28,10651,12540,49334
Belarus,26.6,22.2,30.1,6507,7359,33006
Albania,26.6,23.3,29.8,2578,3141,23488
Serbia,26.1,28,24.3,4416,5252,31867
Moldova,25.6,22.4,28.5,3133,3590,18717
Bosnia and Herzegovina,25.5,24.6,26.3,5925,7131,21971
Iran,25.3,18.4,32.2,4360,5924,18442
Guatemala,25.2,20.7,29.5,2036,3103,14369
Cyprus,25.1,27.1,23.2,13053,15663,61240
Kyrgyzstan,24.4,22.1,26.5,1892,2235,8009
Germany,24.2,25.7,22.7,16845,19730,72300
Algeria,24.2,15.8,32.9,2612,2996,17553
Bulgaria,24.2,26.4,22.3,5696,7474,41086
Mongolia,24,21.4,26.4,2800,3409,19098
Colombia,23.9,18,20.4,3259,5201,21495
Finland,23.7,22.8,24.6,16332,18742,64091
Israel,23.4,23.5,23.2,10866,13271,55691
Venezuela,22.8,20.2,25.3,2710,3741,NA
Iceland,22.6,24.5,20.6,17017,19300,78259
Malaysia,22.4,17.9,27.1,7512,10200,38729
Slovenia,22.2,27.5,16.9,11878,13056,56531
Morocco,22.1,13.4,30.8,2716,3721,10305
Belgium,22,21.3,22.7,16157,17917,72126
Pakistan,21.8,19.1,24.5,1399,1797,6287
Italy,21.6,20.1,22.9,13170,15547,60847
Solomon Islands,21.6,16.5,26.9,1028,1333,2872
Montenegro,21.1,22.7,19.5,4193,5123,33380
Tajikistan,20.8,17.9,23.6,1994,2437,5406
Mauritania,20.8,7.8,32.7,1760,2094,7271
Andorra,20.5,22.7,18.2,NA,NA,74939
Turkmenistan,20.2,17.3,22.9,706,963,20408
Luxembourg,20.2,22.3,18.1,26321,31376,150772
Papua New Guinea,20.1,15.4,25.1,876,1162,4889
Gabon,20,10.3,30.2,2779,3544,21510
Vanuatu,19.9,15.1,24.7,1379,1781,3602
Norway,19.8,21.1,18.5,22684,25272,101032
Mauritius,19.5,13,25.6,3832,4969,31051
Kazakhstan,19.3,18.5,20.1,3661,4313,40813
Lesotho,19.3,7.4,30.7,1157,1659,2998
Spain,19.2,21.7,16.8,11786,13822,56926
Maldives,17.6,13.2,23.9,5409,6435,26543
Botswana,17.5,7.9,26.5,1596,2907,20538
Equatorial Guinea,17.2,7.3,29,NA,NA,17567
Austria,17,20,14.3,18405,20718,71618
Netherlands,16.9,16.8,17.1,17154,19690,84218
Sweden,16.4,17.6,15.2,17625,20193,71030
Liberia,16.2,12.5,19.8,753,945,1885
Sudan,15.5,10.4,20.4,1277,1592,2127
Comoros,15.5,7.5,23.5,1401,2050,4055
Namibia,15.3,8.7,21.2,1962,4023,11687
Cape Verde,15.1,7.8,22.2,2354,3326,11262
Sao Tome and Principe,15,8.7,21.3,901,1620,6230
Thailand,14.5,11.2,17.5,4356,5670,24708
Denmark,14.3,16.7,12,17432,20304,79514
Switzerland,13.7,16.6,10.9,21490,25787,93819
Singapore,13.5,15.2,11.7,NA,NA,150689
Cameroon,13.4,7.7,18.9,1245,1841,5592
Gambia,13.2,8.5,17.8,1383,1784,3445
Somalia,12.7,4.9,20.3,NA,NA,1601
Zimbabwe,12.4,4.5,18.9,932,1429,3922
Ghana,12.1,4.7,19.3,1779,2422,8027
Bhutan,12,9,15.4,2446,3189,NA
Yemen,11.6,8.9,14.2,1150,1503,NA
Indonesia,11.5,6.6,16.4,NA,2510,16448
Tanzania,11.4,5.6,16.8,702,992,4221
Kenya,11,5,16.9,874,1197,6619
France,10.9,11.4,10.5,16372,19409,61322
Djibouti,10.9,5.7,15.8,1403,1869,7776
Nigeria,10.8,7.1,14.6,825,1021,6440
Sri Lanka,10.8,6.6,14.2,2277,3162,15633
Ivory Coast,10.6,7,14.3,987,1358,7653
Angola,10.5,5.4,15.4,665,1066,8348
Togo,10.4,5,15.9,683,964,3239
Haiti,10.2,6.2,14.1,1162,1540,3183
Guinea-Bissau,10.1,6.6,13.3,486,797,3053
Mali,10,8.6,11.4,689,861,3309
Benin,9.9,6.3,13.4,699,989,4435
Zambia,9.4,4.1,14.4,545,1045,4224
Mozambique,8.8,5.3,12,529,947,1700
Philippines,8.7,7.3,10.2,1581,2199,11794
Senegal,8.7,3.4,13.5,844,1137,5110
Guinea,8.3,4.8,11.5,843,1036,4579
China,8.2,8.5,7.9,NA,4246,27105
Republic of the Congo,8,3.7,12.1,892,1375,NA
Laos,7.8,5.7,9.8,1065,1389,9788
Central African Republic,7.7,4.9,10.3,491,891,1264
Myanmar,7.5,5.5,9.6,1909,2296,5997
India,7.2,5.2,9.3,NA,1314,11159
Uganda,6.9,3.6,10,804,1166,3276
South Korea,6.7,7.7,5.7,12507,14316,NA
Nepal,6.6,4.5,8.4,1155,1428,5737
Sierra Leone,6.5,2.3,10.6,765,1004,3516
Malawi,6.4,2.3,10,484,733,1859
Burkina Faso,6.1,3.5,8.6,748,1002,2896
DR Congo,5.8,3.5,7.9,395,548,1710
Chad,5.7,6.2,5.3,880,1182,2962
Bangladesh,5.3,2.9,7.6,1131,1414,9647
Niger,5.3,4,6.7,738,937,2015
Japan,4.9,6.3,3.7,14255,17095,51685
Rwanda,4.6,1.4,7.5,621,925,3711
Burundi,4.5,5.3,3.8,475,640,950
Cambodia,4.4,3.1,5.6,NA,NA,7970
Madagascar,3.8,4,3.7,398,567,1884
Ethiopia,2.4,0.9,3.9,907,1107,3278
Timor-Leste,2.2,1.6,2.9,970,1147,4758
Vietnam,2.1,2,2.2,3149,3881,16386
